Stock Price;Strike Price;Maturity;Dividends;Volatility;Risk free;Call Price
2073.9;300;03/31/17;0;0.285146;0;489110.0
0.1;300;03/31/17;0;0.281087;0;918397.0
1974.1;400;03/31/17;0;0.285146;0;683317.0
0.05;400;03/31/17;0;0.281087;10;338204.0
1874.1;500;03/31/17;0;0.285146;0;508926.0
0.05;500;03/31/17;0;0.281087;0;460342.0
1774.1;600;03/31/17;0;0.285146;0;279064.0
0.05;600;03/31/17;0;0.281087;132;360124.0
1673.9;700;03/31/17;0;0.285146;0;324532.0
0.05;700;03/31/17;0;0.281087;300;310790.0
1624.1;750;03/31/17;0;0.285146;0;254658.0
0.05;750;03/31/17;0;0.281087;2;243542.0
1574.1;800;03/31/17;0;0.285146;0;338196.0
0.05;800;03/31/17;0;0.281087;127;341526.0
1524.5;850;03/31/17;0;0.285146;0;371082.0
0.05;850;03/31/17;0;0.281087;62;446052.0
1474.2;900;03/31/17;0;0.285146;0;462387.0
0.05;900;03/31/17;0;0.281087;4;262860.0
1424.4;950;03/31/17;0;0.285146;0;324513.0
0.05;950;03/31/17;0;0.281087;301;279260.0
1374.4;1000;03/31/17;0;0.285146;1;335346.0
0.05;1000;03/31/17;0;0.281087;2421;267587.0
1353.9;1025;03/31/17;0;0.285146;0;223136.0
0.05;1025;03/31/17;0;0.281087;336;250397.0
1324.2;1050;03/31/17;0;0.285146;0;216658.0
0.05;1050;03/31/17;0;0.281087;100;263810.0
1299.4;1075;03/31/17;0;0.285146;0;578088.0
0.05;1075;03/31/17;0;0.281087;51;285923.0
1274.4;1100;03/31/17;0;0.285146;0;355493.0
0.05;1100;03/31/17;0;0.281087;19;231971.0
1249.4;1125;03/31/17;0;0.285146;0;215252.0
0.05;1125;03/31/17;0;0.281087;419;162291.0
1224.2;1150;03/31/17;0;0.285146;0;175641.0
0.05;1150;03/31/17;0;0.281087;116;415284.0
1199.2;1175;03/31/17;0;0.285146;0;443080.0
0.05;1175;03/31/17;0;0.281087;99;271459.0
1179.1;1200;03/31/17;0;0.285146;0;206927.0
0.05;1200;03/31/17;0;0.281087;1576;185792.0
1149.2;1225;03/31/17;0;0.285146;0;203942.0
0.05;1225;03/31/17;0;0.281087;554;224581.0
1124;1250;03/31/17;0;0.285146;0;355604.0
0.05;1250;03/31/17;0;0.281087;101;296121.0
1099;1275;03/31/17;0;0.285146;0;330352.0
0.05;1275;03/31/17;0;0.281087;115;369589.0
1074.2;1300;03/31/17;0;0.285146;0;645702.0
0.05;1300;03/31/17;0;0.281087;304;387874.0
1049;1325;03/31/17;0;0.285146;0;321394.0
0.05;1325;03/31/17;0;0.281087;135;448114.0
1024.2;1350;03/31/17;0;0.285146;0;435666.0
0.05;1350;03/31/17;0;0.281087;2800;384333.0
999;1375;03/31/17;0;0.285146;0;351320.0
0.05;1375;03/31/17;0;0.281087;2865;378253.0
974.2;1400;03/31/17;0;0.285146;0;352523.0
0.05;1400;03/31/17;0;0.281087;3466;343215.0
949.2;1425;03/31/17;0;0.285146;0;216203.0
0.05;1425;03/31/17;0;0.281087;102;249086.0
924.2;1450;03/31/17;0;0.285146;0;229273.0
0.05;1450;03/31/17;0;0.281087;12717;216897.0
899.2;1475;03/31/17;0;0.285146;0;180221.0
0.05;1475;03/31/17;0;0.281087;522;272262.0
874;1500;03/31/17;0;0.285146;49;203043.0
0.05;1500;03/31/17;0;0.281087;3394;151734.0
849.2;1525;03/31/17;0;0.285146;21;152991.0
0.05;1525;03/31/17;0;0.281087;6311;219053.0
824.2;1550;03/31/17;0;0.285146;13;179559.0
0.05;1550;03/31/17;0;0.281087;5863;223446.0
799.2;1575;03/31/17;0;0.285146;2;149119.0
0.05;1575;03/31/17;0;0.281087;4231;188596.0
774;1600;03/31/17;0;0.285146;109;195260.0
0.05;1600;03/31/17;0;0.281087;22292;347889.0
749.2;1625;03/31/17;0;0.285146;47;222706.0
0.05;1625;03/31/17;0;0.281087;5911;130574.0
724;1650;03/31/17;0;0.285146;26;86891.0
0.05;1650;03/31/17;0;0.281087;10850;97148.0
699;1675;03/31/17;0;0.285146;2;100449.0
0.05;1675;03/31/17;0;0.281087;3250;151213.0
674.2;1700;03/31/17;0;0.285146;5;117675.0
0.05;1700;03/31/17;0;0.281087;9040;163959.0
649.2;1725;03/31/17;0;0.285146;2;131412.0
0.05;1725;03/31/17;0;0.281087;5155;127451.0
624;1750;03/31/17;0;0.285146;1;132998.0
0.05;1750;03/31/17;0;0.281087;4665;101022.0
599.2;1775;03/31/17;0;0.285146;2;168429.0
0.05;1775;03/31/17;0;0.281087;7072;154095.0
584.2;1790;03/31/17;0;0.285146;0;145755.0
0.05;1790;03/31/17;0;0.281087;5227;206956.0
574.2;1800;03/31/17;0;0.285146;6;192732.0
0.05;1800;03/31/17;0;0.281087;14893;101103.0
564.2;1810;03/31/17;0;0.285146;2;133229.0
0.05;1810;03/31/17;0;0.281087;5706;185576.0
554;1820;03/31/17;0;0.285146;0;261591.0
0.05;1820;03/31/17;0;0.281087;853;178580.0
549.2;1825;03/31/17;0;0.285146;39;210142.0
0.05;1825;03/31/17;0;0.281087;14821;144705.0
544.2;1830;03/31/17;0;0.285146;3;139524.0
0.05;1830;03/31/17;0;0.281087;444;142401.0
534.2;1840;03/31/17;0;0.285146;0;151120.0
0.05;1840;03/31/17;0;0.281087;655;137742.0
524.2;1850;03/31/17;0;0.285146;10;212419.0
0.05;1850;03/31/17;0;0.281087;15583;176839.0
514.2;1860;03/31/17;0;0.285146;0;112497.0
0.05;1860;03/31/17;0;0.281087;2145;84967.0
504.2;1870;03/31/17;0;0.285146;0;97968.0
0.05;1870;03/31/17;0;0.281087;1484;124013.0
499.2;1875;03/31/17;0;0.285146;11;145328.0
0.05;1875;03/31/17;0;0.281087;5063;114205.0
494.2;1880;03/31/17;0;0.285146;0;108642.0
0.05;1880;03/31/17;0;0.281087;1128;131581.0
489.2;1885;03/31/17;0;0.285146;0;100147.0
0.05;1885;03/31/17;0;0.281087;1182;155784.0
484;1890;03/31/17;0;0.285146;0;166547.0
0.05;1890;03/31/17;0;0.281087;3099;189624.0
479;1895;03/31/17;0;0.285146;1;113403.0
0.05;1895;03/31/17;0;0.281087;1591;98551.0
474.2;1900;03/31/17;0;0.285146;4;90670.0
0.05;1900;03/31/17;0;0.281087;18184;77389.0
469.8;1905;03/31/17;0;0.285146;0;91389.0
0.05;1905;03/31/17;0;0.281087;340;111397.0
464.8;1910;03/31/17;0;0.285146;1;109921.0
0.05;1910;03/31/17;0;0.281087;2026;124506.0
459.1;1915;03/31/17;0;0.285146;0;108642.0
0.05;1915;03/31/17;0;0.281087;682;92264.0
454.1;1920;03/31/17;0;0.285146;0;79151.0
0.05;1920;03/31/17;0;0.281087;2325;77869.0
449.1;1925;03/31/17;0;0.285146;1;91261.0
0.05;1925;03/31/17;0;0.281087;7168;131970.0
444.1;1930;03/31/17;0;0.285146;1;171129.0
0.05;1930;03/31/17;0;0.281087;4344;90456.0
439.3;1935;03/31/17;0;0.285146;0;81453.0
0.05;1935;03/31/17;0;0.281087;697;60112.0
434.3;1940;03/31/17;0;0.285146;3;57889.0
0.05;1940;03/31/17;0;0.281087;2566;85445.0
429.1;1945;03/31/17;0;0.285146;0;83749.0
0.05;1945;03/31/17;0;0.281087;4210;74087.0
424.3;1950;03/31/17;0;0.285146;611;74157.0
0.05;1950;03/31/17;0;0.281087;24391;81705.0
419.3;1955;03/31/17;0;0.285146;0;65695.0
0.05;1955;03/31/17;0;0.281087;4483;82748.0
414.3;1960;03/31/17;0;0.285146;0;92536.0
0.05;1960;03/31/17;0;0.281087;3097;82757.0
409.3;1965;03/31/17;0;0.285146;0;66693.0
0.05;1965;03/31/17;0;0.281087;2391;74254.0
404.3;1970;03/31/17;0;0.285146;0;64095.0
0.05;1970;03/31/17;0;0.281087;3609;61607.0
399.3;1975;03/31/17;0;0.285146;15;60201.0
0.05;1975;03/31/17;0;0.281087;9954;87030.0
394.3;1980;03/31/17;0;0.285146;0;100141.0
0.05;1980;03/31/17;0;0.281087;488;66280.0
389.1;1985;03/31/17;0;0.285146;1;70332.0
0.05;1985;03/31/17;0;0.281087;195;72235.0
384.3;1990;03/31/17;0;0.285146;0;55931.0
0.05;1990;03/31/17;0;0.281087;494;60208.0
379.3;1995;03/31/17;0;0.285146;0;84347.0
0.05;1995;03/31/17;0;0.281087;963;79027.0
374.3;2000;03/31/17;0;0.285146;376;77504.0
0.05;2000;03/31/17;0;0.281087;11334;69577.0
369.3;2005;03/31/17;0;0.285146;700;105346.0
0.05;2005;03/31/17;0;0.281087;166;71303.0
364.3;2010;03/31/17;0;0.285146;702;70276.0
0.05;2010;03/31/17;0;0.281087;377;88233.0
359.1;2015;03/31/17;0;0.285146;967;79408.0
0.05;2015;03/31/17;0;0.281087;823;88461.0
354.3;2020;03/31/17;0;0.285146;794;94641.0
0.05;2020;03/31/17;0;0.281087;957;90745.0
349.3;2025;03/31/17;0;0.285146;324;75499.0
0.05;2025;03/31/17;0;0.281087;6354;71838.0
344.3;2030;03/31/17;0;0.285146;0;78240.0
0.05;2030;03/31/17;0;0.281087;793;95015.0
339.1;2035;03/31/17;0;0.285146;0;86833.0
0.05;2035;03/31/17;0;0.281087;106;108121.0
334.3;2040;03/31/17;0;0.285146;2200;94199.0
0.05;2040;03/31/17;0;0.281087;9877;86310.0
329.3;2045;03/31/17;0;0.285146;2204;141507.0
0.05;2045;03/31/17;0;0.281087;654;166580.0
324.3;2050;03/31/17;0;0.285146;57;189560.0
0.05;2050;03/31/17;0;0.281087;18443;142519.0
319.1;2055;03/31/17;0;0.285146;4;128603.0
0.05;2055;03/31/17;0;0.281087;7941;81604.0
314.1;2060;03/31/17;0;0.285146;4;66941.0
0.05;2060;03/31/17;0;0.281087;1885;68551.0
309.3;2065;03/31/17;0;0.285146;0;96242.0
0.05;2065;03/31/17;0;0.281087;1131;99515.0
304.3;2070;03/31/17;0;0.285146;4;79774.0
0.05;2070;03/31/17;0;0.281087;642;110446.0
299.3;2075;03/31/17;0;0.285146;1011;72333.0
0.05;2075;03/31/17;0;0.281087;9086;73116.0
294.3;2080;03/31/17;0;0.285146;0;91002.0
0.05;2080;03/31/17;0;0.281087;12512;127476.0
289.3;2085;03/31/17;0;0.285146;0;95057.0
0.05;2085;03/31/17;0;0.281087;592;145357.0
284.1;2090;03/31/17;0;0.285146;0;129949.0
0.05;2090;03/31/17;0;0.281087;3544;140753.0
279.3;2095;03/31/17;0;0.285146;1;101230.0
0.05;2095;03/31/17;0;0.281087;592;116733.0
274.1;2100;03/31/17;0;0.285146;234;111925.0
0.05;2100;03/31/17;0;0.281087;43830;128965.0
269.5;2105;03/31/17;0;0.285146;0;110253.0
0.05;2105;03/31/17;0;0.281087;1316;136531.0
264.5;2110;03/31/17;0;0.285146;8;119540.0
0.05;2110;03/31/17;0;0.281087;4888;87281.0
259.5;2115;03/31/17;0;0.285146;1;78922.0
0.05;2115;03/31/17;0;0.281087;2801;129482.0
254.5;2120;03/31/17;0;0.285146;100;112115.0
0.05;2120;03/31/17;0;0.281087;3255;116103.0
249.5;2125;03/31/17;0;0.285146;57;115189.0
0.05;2125;03/31/17;0;0.281087;20706;110622.0
244.5;2130;03/31/17;0;0.285146;11;164374.0
0.05;2130;03/31/17;0;0.281087;7663;161608.0
239.5;2135;03/31/17;0;0.285146;17;131267.0
0.05;2135;03/31/17;0;0.281087;5313;106509.0
234.5;2140;03/31/17;0;0.285146;0;135074.0
0.05;2140;03/31/17;0;0.281087;9637;170076.0
229.5;2145;03/31/17;0;0.285146;50;229856.0
0.05;2145;03/31/17;0;0.281087;1632;91466.0
224.3;2150;03/31/17;0;0.285146;5745;71558.0
0.05;2150;03/31/17;0;0.281087;24252;76359.0
219.3;2155;03/31/17;0;0.285146;0;98032.0
0.05;2155;03/31/17;0;0.281087;6304;83108.0
214.5;2160;03/31/17;0;0.285146;23;72725.0
0.05;2160;03/31/17;0;0.281087;4755;60114.0
209.3;2165;03/31/17;0;0.285146;10;49716.0
0.05;2165;03/31/17;0;0.281087;4158;53746.0
204.5;2170;03/31/17;0;0.285146;75;60949.0
0.05;2170;03/31/17;0;0.281087;860;72218.0
199.5;2175;03/31/17;0;0.285146;7338;66950.0
0.05;2175;03/31/17;0;0.281087;18197;61352.0
194.5;2180;03/31/17;0;0.285146;54;65798.0
0.05;2180;03/31/17;0;0.281087;6381;48406.0
189.5;2185;03/31/17;0;0.285146;55;46307.0
0.05;2185;03/31/17;0;0.281087;8956;57859.0
184.3;2190;03/31/17;0;0.285146;27;65647.0
0.05;2190;03/31/17;0;0.281087;6732;76576.0
179.4;2195;03/31/17;0;0.285146;31;59025.0
0.05;2195;03/31/17;0;0.281087;11117;68609.0
174.6;2200;03/31/17;0;0.285146;959;48966.0
0.05;2200;03/31/17;0;0.281087;22603;46536.0
169.1;2205;03/31/17;0;0.285146;20;58517.0
0.05;2205;03/31/17;0;0.281087;687;74653.0
164.3;2210;03/31/17;0;0.285146;19;72900.0
0.1;2210;03/31/17;0;0.281087;13200;60531.0
159.3;2215;03/31/17;0;0.285146;46;58437.0
0.1;2215;03/31/17;0;0.281087;13210;51361.0
154.3;2220;03/31/17;0.000001;0.285146;66;69916.0
0.1;2220;03/31/17;0.000001;0.281087;6363;79076.0
149.3;2225;03/31/17;0.000002;0.285146;587;87162.0
0.1;2225;03/31/17;0.000001;0.281087;15928;79867.0
144.3;2230;03/31/17;0.000003;0.285146;207;65078.0
0.1;2230;03/31/17;0.000002;0.281087;19082;73993.0
139.3;2235;03/31/17;0.000006;0.285146;50;42890.0
0.1;2235;03/31/17;0.000004;0.281087;3137;58832.0
134.1;2240;03/31/17;0.00001;0.285146;174;67913.0
0.1;2240;03/31/17;0.000008;0.281087;8738;61837.0
129.3;2245;03/31/17;0.000017;0.285146;126;71880.0
0.1;2245;03/31/17;0.000014;0.281087;2416;75628.0
123;2250;03/31/17;0.000029;0.285146;2984;115020.0
0.1;2250;03/31/17;0.000024;0.281087;39217;55093.0
118.3;2255;03/31/17;0.000047;0.285146;158;55223.0
0.1;2255;03/31/17;0.000041;0.281087;11627;81939.0
113.4;2260;03/31/17;0.000077;0.285146;652;135955.0
0.1;2260;03/31/17;0.000067;0.281087;8019;90235.0
108.3;2265;03/31/17;0.000121;0.285146;1578;78807.0
0.1;2265;03/31/17;0.000108;0.281087;16377;69161.0
103.3;2270;03/31/17;0.000187;0.285146;831;73641.0
0.1;2270;03/31/17;0.000168;0.281087;10017;57637.0
98.3;2275;03/31/17;0.000282;0.285146;12793;83862.0
0.1;2275;03/31/17;0.000257;0.281087;27627;86573.0
93.1;2280;03/31/17;0.000416;0.285146;4059;78321.0
0.15;2280;03/31/17;0.000384;0.281087;7933;134709.0
88.3;2285;03/31/17;0.0006;0.285146;1947;107729.0
0.15;2285;03/31/17;0.000559;0.281087;4191;62137.0
83.3;2290;03/31/17;0.000846;0.285146;2216;73312.0
0.15;2290;03/31/17;0.000797;0.281087;8383;81664.0
78.1;2295;03/31/17;0.000881;0.265033;287;88942.0
0.2;2295;03/31/17;0.000918;0.267687;5326;77504.0
73.2;2300;03/31/17;0.000916;0.244921;7438;78939.0
0.2;2300;03/31/17;0.001069;0.254286;34741;94659.0
68.2;2305;03/31/17;0.000951;0.224808;2510;80363.0
0.2;2305;03/31/17;0.001258;0.240886;3138;62927.0
63.5;2310;03/31/17;0.000985;0.204695;713;99939.0
0.45;2310;03/31/17;0.001497;0.227486;14939;146808.0
58.5;2315;03/31/17;0.001013;0.184582;5839;94507.0
0.5;2315;03/31/17;0.001807;0.214085;10794;93104.0
52.9;2320;03/31/17;0.001033;0.164469;11040;99047.0
0.5;2320;03/31/17;0.002216;0.200685;20815;90260.0
44.5;2325;03/31/17;0.001036;0.144356;7257;84201.0
0.3;2325;03/31/17;0.002764;0.187284;22180;143160.0
41.3;2330;03/31/17;0.003937;0.183284;11509;136278.0
0.35;2330;03/31/17;0.003557;0.17472;15873;117121.0
38.3;2335;03/31/17;0.004786;0.164294;8914;121233.0
0.4;2335;03/31/17;0.004475;0.158584;17981;188629.0
31.1;2340;03/31/17;0.006003;0.145303;2953;232068.0
0.5;2340;03/31/17;0.00581;0.142448;9176;121234.0
24.8;2345;03/31/17;0.007845;0.126312;10060;151177.0
0.5;2345;03/31/17;0.007845;0.126312;8247;179705.0
19.9;2350;03/31/17;0.011401;0.113319;20535;123339.0
0.65;2350;03/31/17;0.011401;0.113319;18542;92574.0
16.3;2355;03/31/17;0.017344;0.109862;11233;99858.0
0.95;2355;03/31/17;0.017197;0.102317;6605;101788.0
11;2360;03/31/17;0.025884;0.091067;12413;82915.0
1.5;2360;03/31/17;0.025922;0.090718;6268;121227.0
6.8;2365;03/31/17;0.037087;0.080399;10228;198275.0
2.5;2365;03/31/17;0.037849;0.078488;1354;181990.0
3.6;2370;03/31/17;0.041692;0.076634;6983;71900.0
5.2;2370;03/31/17;0.041019;0.07791;11174;82333.0
2;2375;03/31/17;0.033281;0.079952;33581;67684.0
8.7;2375;03/31/17;0.032735;0.082088;19130;67461.0
0.95;2380;03/31/17;0.021673;0.082575;5625;83143.0
16.4;2380;03/31/17;0.021637;0.098664;3224;110232.0
0.45;2385;03/31/17;0.011385;0.082575;12097;71323.0
19.8;2385;03/31/17;0.013788;0.098664;1284;77687.0
0.2;2390;03/31/17;0.004734;0.082575;15611;86982.0
24.7;2390;03/31/17;0.00746;0.098664;696;55372.0
0.15;2395;03/31/17;0.001561;0.082575;19679;65831.0
29.5;2395;03/31/17;0.00343;0.098664;1879;70021.0
0.1;2400;03/31/17;0.000409;0.082575;24114;102843.0
35.4;2400;03/31/17;0.001342;0.098664;7033;84362.0
0.1;2405;03/31/17;0.000085;0.082575;12708;68016.0
40.5;2405;03/31/17;0.000447;0.098664;116;84103.0
0.05;2410;03/31/17;0.000014;0.082575;8020;61396.0
45.7;2410;03/31/17;0.000127;0.098664;2391;55625.0
0.05;2415;03/31/17;0.000002;0.082575;8227;96541.0
50.7;2415;03/31/17;0.000031;0.098664;94;68761.0
0.05;2420;03/31/17;0;0.082575;14489;68743.0
55.7;2420;03/31/17;0.000006;0.098664;36;87134.0
0.05;2425;03/31/17;0;0.082575;23304;96507.0
60.7;2425;03/31/17;0.000001;0.098664;154;50154.0
0.05;2430;03/31/17;0;0.082575;4655;52973.0
65.7;2430;03/31/17;0;0.098664;23;65595.0
0.05;2435;03/31/17;0;0.082575;12513;92558.0
70.4;2435;03/31/17;0;0.098664;24;76550.0
0.05;2440;03/31/17;0;0.082575;3169;61188.0
75.4;2440;03/31/17;0;0.098664;22;85285.0
0.05;2445;03/31/17;0;0.082575;2993;75377.0
80.7;2445;03/31/17;0;0.098664;2;85886.0
0.05;2450;03/31/17;0;0.082575;17467;85215.0
85.4;2450;03/31/17;0;0.098664;59;75067.0
0.05;2455;03/31/17;0;0.082575;1392;96285.0
90.7;2455;03/31/17;0;0.098664;7;116045.0
0.05;2460;03/31/17;0;0.082575;1219;111124.0
95.7;2460;03/31/17;0;0.098664;3;88041.0
0.05;2465;03/31/17;0;0.082575;3103;84518.0
100.4;2465;03/31/17;0;0.098664;38;157187.0
0.05;2470;03/31/17;0;0.082575;1124;154968.0
105.7;2470;03/31/17;0;0.098664;3;109975.0
0.05;2475;03/31/17;0;0.082575;4204;129549.0
110.7;2475;03/31/17;0;0.098664;1;201312.0
0.05;2480;03/31/17;0;0.082575;452;119106.0
116;2480;03/31/17;0;0.098664;0;113487.0
0.05;2485;03/31/17;0;0.082575;5588;399360.0
120.6;2485;03/31/17;0;0.098664;0;369599.0
0.05;2490;03/31/17;0;0.082575;1054;68928.0
126.9;2490;03/31/17;0;0.098664;0;77238.0
0.05;2495;03/31/17;0;0.082575;2267;111014.0
131.9;2495;03/31/17;0;0.098664;0;81651.0
0.05;2500;03/31/17;0;0.082575;10632;47706.0
136.9;2500;03/31/17;0;0.098664;0;47616.0
0.05;2505;03/31/17;0;0.082575;228;56782.0
141.7;2505;03/31/17;0;0.098664;0;44652.0
0.05;2510;03/31/17;0;0.082575;1638;55466.0
146.7;2510;03/31/17;0;0.098664;0;62554.0
0.05;2515;03/31/17;0;0.082575;534;62972.0
151.7;2515;03/31/17;0;0.098664;0;48265.0
0.05;2520;03/31/17;0;0.082575;6441;78227.0
156.7;2520;03/31/17;0;0.098664;0;84355.0
0.05;2525;03/31/17;0;0.082575;5867;103904.0
161.9;2525;03/31/17;0;0.098664;0;63236.0
0.05;2530;03/31/17;0;0.082575;1609;64061.0
166.7;2530;03/31/17;0;0.098664;0;43916.0
0.05;2535;03/31/17;0;0.082575;382;38749.0
171.7;2535;03/31/17;0;0.098664;0;55257.0
0.05;2540;03/31/17;0;0.082575;116;72326.0
176.9;2540;03/31/17;0;0.098664;0;75134.0
0.05;2545;03/31/17;0;0.082575;1;65919.0
182.2;2545;03/31/17;0;0.098664;0;64960.0
0.05;2550;03/31/17;0;0.082575;1362;62318.0
187.2;2550;03/31/17;0;0.098664;1;71492.0
0.15;2560;03/31/17;0;0.082575;0;60304.0
197.2;2560;03/31/17;0;0.098664;0;81317.0
0.05;2575;03/31/17;0;0.082575;16;78769.0
212;2575;03/31/17;0;0.098664;0;74897.0
0.05;2600;03/31/17;0;0.082575;2006;63835.0
237.2;2600;03/31/17;0;0.098664;0;59102.0
0.05;2650;03/31/17;0;0.082575;137;50132.0
287.2;2650;03/31/17;0;0.098664;0;56731.0
0.05;2700;03/31/17;0;0.082575;295;63046.0
336.9;2700;03/31/17;0;0.098664;0;68609.0
0.1;2750;03/31/17;0;0.082575;0;52725.0
387.1;2750;03/31/17;0;0.098664;0;55018.0
0.05;2800;03/31/17;0;0.082575;14;50753.0
436.9;2800;03/31/17;0;0.098664;0;47614.0
0.05;2900;03/31/17;0;0.082575;0;54814.0
537.1;2900;03/31/17;0;0.098664;0;55508.0
879.2;1500;04/03/17;0;0.215064;0;57906.0
0.05;1500;04/03/17;0;0.215064;72;68871.0
779.2;1600;04/03/17;0;0.215064;0;50363.0
0.05;1600;04/03/17;0;0.215064;176;35875.0
729.2;1650;04/03/17;0;0.215064;0;35922.0
0.05;1650;04/03/17;0;0.215064;300;47835.0
679.2;1700;04/03/17;0;0.215064;0;54891.0
0.05;1700;04/03/17;0;0.215064;201;38314.0
629.2;1750;04/03/17;0;0.215064;0;41425.0
0.05;1750;04/03/17;0;0.215064;605;40159.0
579.2;1800;04/03/17;0;0.215064;0;67776.0
0.05;1800;04/03/17;0;0.215064;303;46112.0
529.3;1850;04/03/17;0;0.215064;0;76141.0
0.05;1850;04/03/17;0;0.215064;212;59510.0
479.3;1900;04/03/17;0;0.215064;0;74233.0
0.05;1900;04/03/17;0;0.215064;2030;95650.0
454.3;1925;04/03/17;0;0.215064;0;37277.0
0.05;1925;04/03/17;0;0.215064;6293;36889.0
429.3;1950;04/03/17;0;0.215064;0;50734.0
0.05;1950;04/03/17;0;0.215064;1222;61589.0
404.3;1975;04/03/17;0;0.215064;0;50991.0
0.05;1975;04/03/17;0;0.215064;92;89405.0
379.3;2000;04/03/17;0;0.215064;0;79661.0
0.05;2000;04/03/17;0;0.215064;578;56253.0
354.3;2025;04/03/17;0;0.215064;0;43076.0
0.05;2025;04/03/17;0;0.215064;438;40524.0
339.3;2040;04/03/17;0;0.215064;0;65430.0
0.1;2040;04/03/17;0;0.215064;72;48174.0
329.3;2050;04/03/17;0;0.215064;0;35808.0
0.05;2050;04/03/17;0;0.215064;399;43482.0
319.3;2060;04/03/17;0;0.215064;0;37274.0
0.1;2060;04/03/17;0;0.215064;406;34770.0
309.3;2070;04/03/17;0;0.215064;0;35074.0
0.1;2070;04/03/17;0;0.215064;73;42960.0
304.3;2075;04/03/17;0;0.215064;0;39366.0
0.1;2075;04/03/17;0;0.215064;417;29487.0
299.3;2080;04/03/17;0;0.215064;0;43431.0
0.1;2080;04/03/17;0;0.215064;75;58804.0
289.3;2090;04/03/17;0;0.215064;0;44430.0
0.05;2090;04/03/17;0;0.215064;100;34022.0
279.3;2100;04/03/17;0;0.215064;0;46114.0
0.1;2100;04/03/17;0;0.215064;474;57840.0
269.4;2110;04/03/17;0;0.215064;0;97408.0
0.1;2110;04/03/17;0;0.215064;220;76666.0
264.4;2115;04/03/17;0;0.215064;0;57505.0
0.1;2115;04/03/17;0;0.215064;35;43706.0
259.4;2120;04/03/17;0;0.215064;0;43582.0
0.1;2120;04/03/17;0;0.215064;144;45136.0
250.8;2125;04/03/17;0;0.215064;0;49773.0
0.1;2125;04/03/17;0;0.215064;5;42907.0
245.7;2130;04/03/17;0;0.215064;0;50169.0
0.1;2130;04/03/17;0;0.215064;148;46622.0
241;2135;04/03/17;0;0.215064;0;39422.0
0.25;2135;04/03/17;0;0.215064;100;41196.0
236.1;2140;04/03/17;0;0.215064;0;53531.0
0.15;2140;04/03/17;0;0.215064;108;49444.0
231.2;2145;04/03/17;0;0.215064;0;66303.0
0.15;2145;04/03/17;0;0.215064;0;42686.0
226.1;2150;04/03/17;0.000001;0.215064;0;47659.0
0.15;2150;04/03/17;0.000001;0.215064;260;58133.0
221;2155;04/03/17;0.000001;0.215064;0;44672.0
0.15;2155;04/03/17;0.000001;0.215064;95;56494.0
215.9;2160;04/03/17;0.000002;0.215064;0;52050.0
0.15;2160;04/03/17;0.000002;0.215064;152;77495.0
211.3;2165;04/03/17;0.000002;0.215064;0;55113.0
0.15;2165;04/03/17;0.000002;0.215064;60;107848.0
205.9;2170;04/03/17;0.000004;0.215064;0;60900.0
0.15;2170;04/03/17;0.000004;0.215064;92;56461.0
201.3;2175;04/03/17;0.000005;0.215064;0;136028.0
0.15;2175;04/03/17;0.000005;0.215064;440;86709.0
195.9;2180;04/03/17;0.000008;0.215064;0;46380.0
0.3;2180;04/03/17;0.000008;0.215064;125;52308.0
190.8;2185;04/03/17;0.000012;0.215064;0;58446.0
0.3;2185;04/03/17;0.000012;0.215064;159;38198.0
185.8;2190;04/03/17;0.000017;0.215064;0;39943.0
0.2;2190;04/03/17;0.000017;0.215064;82;63565.0
180.9;2195;04/03/17;0.000024;0.215064;0;44549.0
0.2;2195;04/03/17;0.000024;0.215064;40;39504.0
175.9;2200;04/03/17;0.000033;0.215064;5;41926.0
0.15;2200;04/03/17;0.000033;0.215064;3276;44431.0
170.9;2205;04/03/17;0.000046;0.215064;0;42953.0
0.2;2205;04/03/17;0.000046;0.215064;163;44046.0
166.4;2210;04/03/17;0.000063;0.215064;1;72261.0
0.2;2210;04/03/17;0.000063;0.215064;173;49917.0
160.8;2215;04/03/17;0.000085;0.215064;0;42144.0
0.2;2215;04/03/17;0.000085;0.215064;8806;48995.0
155.8;2220;04/03/17;0.000115;0.215064;0;47967.0
0.2;2220;04/03/17;0.000115;0.215064;307;40941.0
151;2225;04/03/17;0.000152;0.215064;0;45404.0
0.2;2225;04/03/17;0.000152;0.215064;621;60420.0
146;2230;04/03/17;0.0002;0.215064;12;50523.0
0.2;2230;04/03/17;0.0002;0.215064;455;56118.0
141;2235;04/03/17;0.00026;0.215064;6;59344.0
0.2;2235;04/03/17;0.00026;0.215064;350;68448.0
135.8;2240;04/03/17;0.000335;0.215064;1;73194.0
0.35;2240;04/03/17;0.000335;0.215064;2407;155332.0
130.9;2245;04/03/17;0.000427;0.215064;2;93014.0
0.2;2245;04/03/17;0.000427;0.215064;310;59489.0
123.2;2250;04/03/17;0.000538;0.215064;83;52746.0
0.25;2250;04/03/17;0.000538;0.215064;7733;50421.0
118.2;2255;04/03/17;0.000576;0.206932;5;44090.0
0.25;2255;04/03/17;0.000576;0.206932;1601;47663.0
113.2;2260;04/03/17;0.000619;0.1988;5;49915.0
0.25;2260;04/03/17;0.000619;0.1988;1339;60608.0
108.2;2265;04/03/17;0.000699;0.192878;6;50811.0
0.3;2265;04/03/17;0.000686;0.191934;1201;11350.0
103.2;2270;04/03/17;0.000793;0.186956;15;47704.0
0.3;2270;04/03/17;0.000763;0.185067;850;40192.0
98.2;2275;04/03/17;0.000903;0.181033;26;42725.0
0.45;2275;04/03/17;0.000853;0.1782;770;44595.0
93.2;2280;04/03/17;0.001033;0.175111;33;66666.0
0.3;2280;04/03/17;0.000959;0.171333;6302;51292.0
88.3;2285;04/03/17;0.001186;0.169088;15;69178.0
0.6;2285;04/03/17;0.001087;0.164605;1238;49813.0
83.3;2290;04/03/17;0.001369;0.163065;21;59623.0
0.65;2290;04/03/17;0.001241;0.157877;798;57057.0
78.3;2295;04/03/17;0.00159;0.157042;22;46415.0
0.7;2295;04/03/17;0.001427;0.15115;554;58857.0
73.3;2300;04/03/17;0.001858;0.151019;49;57456.0
0.7;2300;04/03/17;0.001652;0.144422;4344;54837.0
68.6;2305;04/03/17;0.002184;0.144996;68;70725.0
0.8;2305;04/03/17;0.00193;0.137694;325;72803.0
63.6;2310;04/03/17;0.002586;0.138972;252;53251.0
0.5;2310;04/03/17;0.002275;0.130966;2238;62794.0
58.7;2315;04/03/17;0.003096;0.133285;240;80925.0
0.55;2315;04/03/17;0.002703;0.1241;1136;110475.0
53;2320;04/03/17;0.002699;0.10748;149;126911.0
0.85;2320;04/03/17;0.003472;0.121814;6507;172066.0
48.2;2325;04/03/17;0.003635;0.105226;158;59526.0
0.7;2325;04/03/17;0.003969;0.110756;749;46487.0
43.1;2330;04/03/17;0.004294;0.095336;147;50999.0
0.8;2330;04/03/17;0.004833;0.10305;683;47534.0
38.3;2335;04/03/17;0.005627;0.090423;303;79811.0
1.05;2335;04/03/17;0.006124;0.097501;509;49011.0
33.7;2340;04/03/17;0.007569;0.087787;486;44027.0
1.25;2340;04/03/17;0.007767;0.091138;2624;45568.0
25.9;2345;04/03/17;0.009906;0.083519;248;39439.0
1.45;2345;04/03/17;0.0099;0.083362;406;44535.0
21.3;2350;04/03/17;0.012836;0.0785;2185;48661.0
1.75;2350;04/03/17;0.012853;0.076335;4025;49592.0
16.4;2355;04/03/17;0.016627;0.071569;303;48760.0
2.4;2355;04/03/17;0.016636;0.071475;397;45614.0
12.2;2360;04/03/17;0.021122;0.066031;1737;47977.0
3.4;2360;04/03/17;0.020873;0.067121;1785;43322.0
8.6;2365;04/03/17;0.024941;0.062662;593;44195.0
4.8;2365;04/03/17;0.024866;0.062861;296;68716.0
5.5;2370;04/03/17;0.027139;0.059036;2580;45241.0
6.9;2370;04/03/17;0.02682;0.059744;1474;54949.0
3.4;2375;04/03/17;0.025116;0.058267;2013;64556.0
9.9;2375;04/03/17;0.025038;0.058492;1060;59926.0
1.95;2380;04/03/17;0.020412;0.057985;1778;37389.0
14.2;2380;04/03/17;0.019752;0.062628;1325;41022.0
1.1;2385;04/03/17;0.014725;0.058854;1453;54393.0
18.4;2385;04/03/17;0.014894;0.063279;25;68949.0
0.65;2390;04/03/17;0.009876;0.060938;1923;72163.0
24.8;2390;04/03/17;0.009504;0.058749;1278;48898.0
0.4;2395;04/03/17;0.006448;0.063832;1578;59689.0
29.9;2395;04/03/17;0.00768;0.072151;32;46625.0
0.3;2400;04/03/17;0.004606;0.069813;1798;57351.0
35.8;2400;04/03/17;0.0056;0.077271;1258;65741.0
0.25;2405;04/03/17;0.002653;0.069813;739;66665.0
40.7;2405;04/03/17;0.003571;0.077271;23;79573.0
0.2;2410;04/03/17;0.001411;0.069813;2222;53637.0
45.8;2410;04/03/17;0.002133;0.077271;1241;57837.0
0.2;2415;04/03/17;0.000694;0.069813;524;43729.0
50.8;2415;04/03/17;0.001195;0.077271;0;56137.0
0.15;2420;04/03/17;0.000315;0.069813;3240;91722.0
55.8;2420;04/03/17;0.000628;0.077271;1001;123661.0
0.1;2425;04/03/17;0.000132;0.069813;1807;99453.0
60.5;2425;04/03/17;0.000309;0.077271;350;66401.0
0.1;2430;04/03/17;0.000051;0.069813;115;43066.0
65.8;2430;04/03/17;0.000143;0.077271;251;44509.0
0.15;2435;04/03/17;0.000019;0.069813;193;63972.0
70.8;2435;04/03/17;0.000062;0.077271;0;67036.0
0.15;2440;04/03/17;0.000006;0.069813;380;72830.0
75.8;2440;04/03/17;0.000025;0.077271;0;90234.0
0.1;2445;04/03/17;0.000002;0.069813;187;96191.0
80.5;2445;04/03/17;0.00001;0.077271;0;104210.0
0.1;2450;04/03/17;0.000001;0.069813;149;60029.0
85.8;2450;04/03/17;0.000003;0.077271;0;57867.0
0.1;2455;04/03/17;0;0.069813;50;67237.0
90.8;2455;04/03/17;0.000001;0.077271;0;66011.0
0.1;2460;04/03/17;0;0.069813;64;64406.0
95.5;2460;04/03/17;0;0.077271;0;53017.0
0.05;2465;04/03/17;0;0.069813;81;51571.0
100.5;2465;04/03/17;0;0.077271;0;53235.0
0.05;2470;04/03/17;0;0.069813;12;72427.0
105.8;2470;04/03/17;0;0.077271;0;62349.0
0.05;2475;04/03/17;0;0.069813;662;61599.0
110.5;2475;04/03/17;0;0.077271;0;79728.0
0.2;2480;04/03/17;0;0.069813;1;73744.0
116.1;2480;04/03/17;0;0.077271;0;62086.0
0.05;2485;04/03/17;0;0.069813;184;51936.0
121;2485;04/03/17;0;0.077271;0;71240.0
0.05;2490;04/03/17;0;0.069813;111;84062.0
128.6;2490;04/03/17;0;0.077271;0;109775.0
0.2;2495;04/03/17;0;0.069813;0;122591.0
133.6;2495;04/03/17;0;0.077271;0;149752.0
0.05;2500;04/03/17;0;0.069813;202;130672.0
138.6;2500;04/03/17;0;0.077271;0;102649.0
0.05;2505;04/03/17;0;0.069813;432;80749.0
143.6;2505;04/03/17;0;0.077271;0;88415.0
0.2;2510;04/03/17;0;0.069813;5;130564.0
148.4;2510;04/03/17;0;0.077271;0;155790.0
0.05;2515;04/03/17;0;0.069813;0;120610.0
153.5;2515;04/03/17;0;0.077271;0;90660.0
0.05;2520;04/03/17;0;0.069813;10;59348.0
158.6;2520;04/03/17;0;0.077271;0;71049.0
0.05;2525;04/03/17;0;0.069813;201;87042.0
163.6;2525;04/03/17;0;0.077271;0;87132.0
0.2;2530;04/03/17;0;0.069813;3;128953.0
168.5;2530;04/03/17;0;0.077271;0;143861.0
0.05;2540;04/03/17;0;0.069813;0;141083.0
178.6;2540;04/03/17;0;0.077271;0;109701.0
0.2;2550;04/03/17;0;0.069813;6;123937.0
188.4;2550;04/03/17;0;0.077271;0;162791.0
0.2;2575;04/03/17;0;0.069813;0;281092.0
213.6;2575;04/03/17;0;0.077271;0;310790.0
0.05;2600;04/03/17;0;0.069813;0;115636.0
238.8;2600;04/03/17;0;0.077271;0;88132.0
0.2;2625;04/03/17;0;0.069813;0;90588.0
267.2;2625;04/03/17;0;0.077271;0;176963.0
0.15;2650;04/03/17;0;0.069813;0;104838.0
292.2;2650;04/03/17;0;0.077271;0;58972.0
0.15;2700;04/03/17;0;0.069813;0;53551.0
341.9;2700;04/03/17;0;0.077271;0;73351.0
878.8;1500;04/05/17;0;0.303466;0;78857.0
0.05;1500;04/05/17;0;0.303466;80;92804.0
828.8;1550;04/05/17;0;0.303466;0;60357.0
0.1;1550;04/05/17;0;0.303466;52;68820.0
778.8;1600;04/05/17;0;0.303466;0;56972.0
0.1;1600;04/05/17;0;0.303466;238;56857.0
728.8;1650;04/05/17;0;0.303466;0;49749.0
0.1;1650;04/05/17;0;0.303466;310;54506.0
678.9;1700;04/05/17;0;0.303466;0;47931.0
0.2;1700;04/05/17;0;0.303466;815;44257.0
628.9;1750;04/05/17;0;0.303466;0;63913.0
0.2;1750;04/05/17;0;0.303466;2987;58613.0
578.9;1800;04/05/17;0;0.303466;0;63807.0
0.25;1800;04/05/17;0;0.303466;287;112542.0
528.9;1850;04/05/17;0;0.303466;0;70710.0
0.05;1850;04/05/17;0;0.303466;1578;46249.0
478.9;1900;04/05/17;0;0.303466;0;49797.0
0.05;1900;04/05/17;0;0.303466;107;74472.0
453.9;1925;04/05/17;0;0.303466;0;111642.0
0.1;1925;04/05/17;0;0.303466;107;65841.0
429;1950;04/05/17;0;0.303466;0;63308.0
0.1;1950;04/05/17;0;0.303466;2;83980.0
404;1975;04/05/17;0;0.303466;0;79216.0
0.05;1975;04/05/17;0;0.303466;160;41991.0
379;2000;04/05/17;0;0.303466;0;70258.0
0.05;2000;04/05/17;0;0.303466;590;69943.0
359;2020;04/05/17;0.000001;0.303466;0;77530.0
0.05;2020;04/05/17;0.000001;0.303466;3;71191.0
354;2025;04/05/17;0.000001;0.303466;0;95395.0
0.05;2025;04/05/17;0.000001;0.303466;1;92904.0
349;2030;04/05/17;0.000002;0.303466;0;68682.0
0.1;2030;04/05/17;0.000002;0.303466;6;160688.0
339;2040;04/05/17;0.000003;0.303466;0;122047.0
0.1;2040;04/05/17;0.000003;0.303466;8;105629.0
329;2050;04/05/17;0.000004;0.303466;0;138365.0
0.1;2050;04/05/17;0.000004;0.303466;28;138376.0
319;2060;04/05/17;0.000006;0.303466;0;123976.0
0.1;2060;04/05/17;0.000006;0.303466;500;137698.0
309;2070;04/05/17;0.00001;0.303466;0;72002.0
0.1;2070;04/05/17;0.00001;0.303466;0;64744.0
304;2075;04/05/17;0.000012;0.303466;0;52912.0
0.2;2075;04/05/17;0.000012;0.303466;273;60877.0
299;2080;04/05/17;0.000015;0.303466;0;45234.0
0.3;2080;04/05/17;0.000015;0.303466;203;38437.0
289;2090;04/05/17;0.000023;0.303466;0;57121.0
0.1;2090;04/05/17;0.000023;0.303466;26;70934.0
279.1;2100;04/05/17;0.000034;0.303466;0;41581.0
0.1;2100;04/05/17;0.000034;0.303466;44;43509.0
269.1;2110;04/05/17;0.000049;0.303466;0;43617.0
0.3;2110;04/05/17;0.000049;0.303466;88;38524.0
264.1;2115;04/05/17;0.000059;0.303466;0;36099.0
0.3;2115;04/05/17;0.000059;0.303466;17;36055.0
259.1;2120;04/05/17;0.000071;0.303466;0;61194.0
0.3;2120;04/05/17;0.000071;0.303466;100;64767.0
250.8;2125;04/05/17;0.000084;0.303466;0;57409.0
0.3;2125;04/05/17;0.000084;0.303466;99;62459.0
245.5;2130;04/05/17;0.000099;0.303466;0;46256.0
0.15;2130;04/05/17;0.000099;0.303466;514;37915.0
240.5;2135;04/05/17;0.000117;0.303466;0;39440.0
0.15;2135;04/05/17;0.000117;0.303466;34;45440.0
235.5;2140;04/05/17;0.000137;0.303466;0;45275.0
0.15;2140;04/05/17;0.000137;0.303466;347;40785.0
230.5;2145;04/05/17;0.000143;0.297237;0;43074.0
0.3;2145;04/05/17;0.000145;0.298007;5017;46580.0
225.5;2150;04/05/17;0.000148;0.291008;0;37384.0
0.35;2150;04/05/17;0.000153;0.292548;728;39619.0
220.5;2155;04/05/17;0.000155;0.284779;0;50588.0
0.35;2155;04/05/17;0.000162;0.287089;30;57317.0
215.6;2160;04/05/17;0.000161;0.278551;0;58360.0
0.35;2160;04/05/17;0.000171;0.28163;610;52032.0
210.6;2165;04/05/17;0.000168;0.272322;0;63821.0
0.35;2165;04/05/17;0.000182;0.276171;49;51304.0
205.6;2170;04/05/17;0.000175;0.266093;0;53337.0
0.2;2170;04/05/17;0.000193;0.270712;142;54182.0
200.6;2175;04/05/17;0.000183;0.259864;2;65664.0
0.15;2175;04/05/17;0.000205;0.265252;1058;119919.0
196;2180;04/05/17;0.000192;0.253635;0;93009.0
0.4;2180;04/05/17;0.000218;0.259793;266;39415.0
190.6;2185;04/05/17;0.000201;0.247407;0;30900.0
0.35;2185;04/05/17;0.000233;0.254334;152;34865.0
185.6;2190;04/05/17;0.000211;0.241178;0;44792.0
0.35;2190;04/05/17;0.000248;0.248875;38;36429.0
180.6;2195;04/05/17;0.000221;0.234949;0;35960.0
0.4;2195;04/05/17;0.000266;0.243416;566;32857.0
175.6;2200;04/05/17;0.000233;0.22872;83;37008.0
0.4;2200;04/05/17;0.000285;0.237957;12659;31373.0
170.7;2205;04/05/17;0.000245;0.222491;5;34218.0
0.2;2205;04/05/17;0.000306;0.232498;36;43445.0
165.7;2210;04/05/17;0.000259;0.216263;0;48475.0
0.4;2210;04/05/17;0.000329;0.227039;97;40769.0
160.6;2215;04/05/17;0.000273;0.210034;5;39054.0
0.45;2215;04/05/17;0.000354;0.22158;174;37150.0
155.7;2220;04/05/17;0.000289;0.203805;50;32697.0
0.45;2220;04/05/17;0.000383;0.216121;359;44379.0
150.6;2225;04/05/17;0.000306;0.197576;0;44959.0
0.45;2225;04/05/17;0.000415;0.210662;4725;39396.0
145.7;2230;04/05/17;0.000326;0.191347;0;36187.0
0.45;2230;04/05/17;0.00045;0.205203;1595;40206.0
140.7;2235;04/05/17;0.000347;0.185119;4;40590.0
0.5;2235;04/05/17;0.00049;0.199744;383;34547.0
135.7;2240;04/05/17;0.00037;0.17889;0;44562.0
0.3;2240;04/05/17;0.000535;0.194285;471;48395.0
130.7;2245;04/05/17;0.000457;0.178017;0;47098.0
0.55;2245;04/05/17;0.000579;0.18828;599;15254.0
122.9;2250;04/05/17;0.000561;0.177144;0;24532.0
0.55;2250;04/05/17;0.000628;0.182276;2589;42775.0
118;2255;04/05/17;0.000685;0.176271;15;35488.0
0.35;2255;04/05/17;0.000685;0.176271;419;38713.0
113;2260;04/05/17;0.000749;0.170285;58;45029.0
0.6;2260;04/05/17;0.000763;0.171139;892;47770.0
108;2265;04/05/17;0.000823;0.164299;8;45144.0
0.65;2265;04/05/17;0.000853;0.166007;427;40827.0
103;2270;04/05/17;0.000907;0.158313;20;48752.0
0.65;2270;04/05/17;0.000957;0.160876;282;69385.0
98.1;2275;04/05/17;0.001006;0.152327;206;55054.0
0.45;2275;04/05/17;0.001079;0.155744;2024;47599.0
93.1;2280;04/05/17;0.00117;0.148438;0;47209.0
0.55;2280;04/05/17;0.001243;0.151519;1064;48256.0
88.2;2285;04/05/17;0.001341;0.143611;188;61450.0
0.85;2285;04/05/17;0.001465;0.148449;979;63905.0
83.2;2290;04/05/17;0.001544;0.138784;31;39336.0
0.9;2290;04/05/17;0.001729;0.145378;1675;39298.0
78.3;2295;04/05/17;0.001787;0.133957;36;47077.0
0.95;2295;04/05/17;0.002038;0.142308;893;42975.0
73.3;2300;04/05/17;0.002121;0.130369;53;42029.0
0.75;2300;04/05/17;0.002191;0.132462;5707;45957.0
68.4;2305;04/05/17;0.002429;0.124266;52;44101.0
1.15;2305;04/05/17;0.002695;0.13187;567;40450.0
63.8;2310;04/05/17;0.00303;0.124014;101;44910.0
1.25;2310;04/05/17;0.00311;0.126308;1134;62558.0
58.6;2315;04/05/17;0.003354;0.11409;34;66081.0
1.35;2315;04/05/17;0.003595;0.120263;1108;49700.0
53.6;2320;04/05/17;0.00394;0.108152;168;43566.0
1.5;2320;04/05/17;0.004191;0.114327;974;39932.0
48.5;2325;04/05/17;0.004469;0.09813;183;42732.0
1.65;2325;04/05/17;0.004939;0.108855;1958;44107.0
43.8;2330;04/05/17;0.00557;0.095769;199;48062.0
1.55;2330;04/05/17;0.005756;0.100346;934;43149.0
36;2335;04/05/17;0.006871;0.093493;290;42209.0
2.1;2335;04/05/17;0.006971;0.097356;532;46198.0
31.4;2340;04/05/17;0.008352;0.090154;561;86056.0
2.45;2340;04/05/17;0.008366;0.092093;995;40427.0
26.9;2345;04/05/17;0.01007;0.086396;249;44477.0
2.95;2345;04/05/17;0.010046;0.087475;715;44653.0
22.4;2350;04/05/17;0.01203;0.082494;484;44639.0
3.7;2350;04/05/17;0.011967;0.083451;1329;45474.0
18.3;2355;04/05/17;0.014179;0.078511;984;46754.0
4.5;2355;04/05/17;0.014075;0.079373;4240;38291.0
14.5;2360;04/05/17;0.016236;0.075261;590;45766.0
5.8;2360;04/05/17;0.016172;0.075612;901;45258.0
11.1;2365;04/05/17;0.017882;0.072426;501;46661.0
7.4;2365;04/05/17;0.017802;0.072763;4122;48405.0
8.2;2370;04/05/17;0.018659;0.07023;912;48951.0
9.6;2370;04/05/17;0.018569;0.070571;211;49598.0
5.4;2375;04/05/17;0.018778;0.066543;6036;51105.0
12.4;2375;04/05/17;0.01826;0.068639;4796;52201.0
3.9;2380;04/05/17;0.016708;0.067405;4494;45574.0
15.7;2380;04/05/17;0.016556;0.068297;55;57933.0
2.55;2385;04/05/17;0.014233;0.066688;465;79735.0
19.8;2385;04/05/17;0.01411;0.068316;161;51251.0
1.65;2390;04/05/17;0.011339;0.06669;4414;52898.0
24;2390;04/05/17;0.011363;0.068379;74;51644.0
1.1;2395;04/05/17;0.008625;0.068032;835;53671.0
30.6;2395;04/05/17;0.008809;0.070636;29;50525.0
0.75;2400;04/05/17;0.006353;0.069491;730;48927.0
36.2;2400;04/05/17;0.006694;0.072898;11;45767.0
0.5;2405;04/05/17;0.004582;0.071201;1116;47029.0
41;2405;04/05/17;0.004992;0.074973;10;41860.0